asin,title,avg_rating,brand,num_reviews,price,unities
B082VVRKTP,"Always Maxi Serviettes Hygiéniques, ProFresh Night, 12 Serviettes Sans Ailettes, Flux Très Abondants Nuit, Cœur Ultra Absorbant et Neutralisation des Odeurs",4.4,Always,1029.0,1.79,12.0
B07YQFH15Y,"Nana Maxi Goodnight Serviettes Hygiéniques pour la Nuit, 12 Serviettes",4.7,Nana,799.0,2.06,12.0
B0BV2WJZ3N,Lansinoh Serviettes maternité I Extra absorbantes I Dès l'accouchement,4.5,Lansinoh,299.0,3.99,10.0
B09T75Y3HN,"Always Maxi Serviettes Hygiéniques, Taille 3, Night, 16 Serviettes Avec Ailettes, Flux Très Abondants Nuit, Cœur Ultra Absorbant et Barrières Anti-Fuites",4.5,Always,255.0,2.45,16.0
B09WB6LBGC,"Nana Ultra Extra-Large Avec Ailettes Flux Très Abondants Plus, 9 Serviettes",4.7,Nana,852.0,2.59,9.0
B09WB53LSP,Nana Ultra Long Plus Serviettes Hygiéniques Avec Ailettes - Flux Abondants - 12 Serviettes En Pochette Individuelle,4.6,Nana,113.0,1.99,12.0
B081QR9FFC,"Vania Serviettes Hygiéniques, Maxi Confort, Nuit, Extra Longue, Sans Parfum, 12 Serviettes",4.6,Vania,678.0,,12.0
B09T76CBVJ,"Always Maxi Serviettes Hygiéniques, Taille 2, Long, 20 Serviettes Avec Ailettes, Flux Très Abondants Jour, Cœur Ultra Absorbant et Barrières Anti-Fuites",4.4,Always,167.0,2.99,20.0
B09WB3DTTQ,Nana Ultra Long Serviettes Hygiéniques - Flux Abondants - 14 Serviettes En Pochette Individuelle,4.5,Nana,100.0,2.02,14.0
B09WBH8HDX,Nana Ultra Régulier Plus Serviettes Hygiéniques Avec Ailettes - Flux Modérés - 28 Serviettes En Pochette Individuelle,4.7,Nana,416.0,3.49,28.0
B082VVXMHG,"Nana PureSensitive Serviettes Hygiéniques Ultra Régulier Plus - Flux Modéré - 0 % Allergène*, Parfum, Colorant - 12 Serviettes avec Ailettes",4.6,Nana,829.0,2.09,12.0
B0BNLTXNHB,Always Discreet Serviettes Pour Fuites Urinaires Femmes Ultimate Nuit 12 Serviettes Protection Extra Sûre Et Discrétion Optimale,4.5,Always,23.0,7.81,12.0
B09286JWWD,"Love & Green Serviettes certifiées Ecolabel & hypoallergéniques ""MAXI SUPER"" x 14",4.4,Green,225.0,2.95,14.0
B08MM8SFJN,"Amazon Basic Care Incontinence Serviettes Maxi, Sans parfum – 48 pièces, 6 lot de 8",4.1,Care,622.0,15.38,48.0
B07HKDFVZL,"Always Discreet, 80 Serviettes Hygiéniques Incontinence Femme, Long 4 Gouttes, Protection Absorbante pour Fuites Urinaires Importantes, Pack 1 Mois",4.6,Discreet,252.0,,80.0
B00GEUGOAA,"Vania - Serviettes Hygiéniques, Maxi Confort, Super, 14 Serviettes Femme",4.6,Vania,680.0,,14.0
B09NNRJPDS,"Always Discreet Extra Sûre, 48 Serviettes Hygiéniques Incontinence Femme, Ultimate Nuit 7 Gouttes, Protection Absorbante pour Fuites Urinaires Importantes de Nuit, Pack 1 Mois",4.5,Discreet,1823.0,35.56,48.0
B06XYDHPRC,TENA Discreet Extra Plus - Serviettes Incontinence Femme - Post-accouchement - Protections Absorbantes Pour Fuites Urinaires Modérées Ã€ Fortes - 96 Serviettes (Pack 1 Mois),4.5,TENA,2065.0,36.3,96.0
B08BD4DFDS,"Always Discreet, 64 Serviettes Hygiéniques Incontinence Femme, Long plus 5 Gouttes, Protection Absorbante pour Fuites Urinaires Importantes, Pack 1 Mois",4.6,Discreet,1401.0,39.0,64.0
B07YV42X6F,Rovtop 10 pcs 25.4cm Serviettes Hygiéniques Lavables en Charbon de Bambou avec 2 Mini Sac Portatif et un Emballage de Boîte Cadeau,4.5,Rovtop,3104.0,23.99,1.0
B06XYJ4PF3,TENA Discreet Maxi Night â€“ Serviettes Incontinence Femme - Post-accouchement - Protections Absorbantes Pour Fuites Urinaires Modérées Ã€ Fortes - 48 Serviettes (Pack 1 Mois),4.6,TENA,2881.0,24.64,48.0
B09HTSST3F,"Organyc - Serviettes Extra pour fuites urinaires, en coton certifié, ne contiennent ni parfums ni plastique, ni matériaux chimiques - 1 paquet de 10 Serviettes, Flux Extra",3.5,Organyc,35.0,,10.0
B07HKPY7PN,"Always Discreet, 96 Serviettes Hygiéniques Incontinence Femme, Normal 3 Gouttes, Protection Absorbante pour Fuites Urinaires Modérées, Pack 1 Mois",4.4,Discreet,179.0,33.52,96.0
B06XYJCJYD,TENA Discreet Extra - Serviettes Incontinence Femme - Post-accouchement - Protections Absorbantes pour Fuites Urinaires Modérées - 72 Serviettes (Pack 1 Mois),4.5,TENA,3235.0,22.79,72.0
B09Q9813L6,"Always Platinum Serviettes Hygiéniques, Taille 1, Normal, 96 Serviettes Avec Ailettes, Flux Légers Jour, Format Eco, Douces et Flexibles, Super Absorbantes et Ultra Fines",4.6,Always,952.0,24.96,96.0
B0846FWYLN,"Always Discreet Boutique, 40 Serviettes Hygiéniques Incontinence Femme, Normal 3 Gouttes, Protection Absorbante pour Fuites Urinaires Modérées, Pack 1 Mois",4.3,Discreet,158.0,15.4,10.0
B06XYJGQ1Z,TENA Discreet Mini - Serviettes Incontinence Femme - Post-Accouchement - Protections Absorbantes pour Fuites Urinaires Légères - 120 Serviettes (Pack 1 Mois),4.6,TENA,1257.0,27.54,120.0
B08XWX982S,"Always Discreet, 128 Serviettes Hygiéniques Incontinence Femme, Small Plus 2+ Gouttes, Protection Absorbante pour Fuites Urinaires Légères, Pack 1 Mois",4.6,Always,18.0,30.8,128.0
B09WHSGHH3,TENA Discreet Extra - Serviettes Incontinence Femme Mega pack 30 Serviettes,4.6,TENA,8.0,22.0,1.0
B06XYK6G3R,TENA Discreet Normal - Serviettes Incontinence Femme - Post-Accouchement - Protections Absorbantes pour Fuites Urinaires Modérées - 90 Serviettes (Pack 1 Mois),4.5,TENA,1199.0,31.13,90.0
B08XWZ4H62,"Always Discreet, 200 Serviettes Hygiéniques Incontinence Femme, Small 2 Gouttes, Protection Absorbante pour Fuites Urinaires Légères, Pack 1 Mois",4.5,Always,80.0,36.0,200.0
B00GESJOMM,Nana Ultra Régulier Plus Fraîcheur et Protection Serviettes Hygiéniques - Flux Modéré - Voile de Surface Ultra-Respirant - 14 Serviettes avec Ailettes,4.7,Nana,859.0,2.79,
B083SLDTB7,Serviette hygiénique lavable avec pochette noire | Serviettes hygieniques lavable pour femmes à petits flux | Zéro déchet et écologique réutilisable | Serviette lavable | Protége slip lavable | Bambaw,4.2,Bambaw,1227.0,21.85,5.0
B08NB4KTVM,"MQUPIN Serviettes Hygiéniques Réutilisables Lavables, 8 pcs Tampons Doublure Serviette Hygienique Lavable en Coton Biologique, Serviettes Hygieniques Bio Anti-fuite Convient pour Toutes Les Femmes",3.8,MQUPIN,798.0,19.99,8.0
B09MCLTNJ2,MQUPIN Serviettes hygiéniques réutilisables - En coton biologique - Pour femme - Lavable - Anti-fuite - Convient pour toutes les femmes （agrandir et allonger）9.84in,4.0,MQUPIN,124.0,19.99,5.0
B08N3979QR,Roxy Stay Magical - Poncho de surf pour Femme,4.6,Roxy,133.0,48.94,
B07FDTHW6P,"Serviette hygiénique réutilisable en tissu de bambou Protège-slip pour femme (25,5 x 18 cm)",4.4,ZCOINS,1967.0,16.99,8.0
B08KWL2QFG,"Veeda Lot de 20 serviettes hygiéniques naturelles de qualité supérieure pour femme, protection contre les fuites vésicales, absorption modérée, non parfumées, longue longueur",3.4,Veeda,221.0,8.15,20.0
B0CDC4GVTB,Betz Serviette à Sauna pour Femme Tissu éponge Kilt Wellness pour Le Sauna Taille Ajustable par Boutons et élastique 100% Coton Couleur Bleu Pigeon Berlin,4.8,Betz,22.0,22.95,
B09N7358GJ,Serviettes Hygiéniques Lavables 5 Pièces Tampon Menstruel Réutilisable en Tissu Imprimé Tampons Féminins Protège-slips Tampons D'incontinence pour Femmes Utilisation Jour et Nuit(M05),,FILFEEL,,14.42,1.0
B0C8B945R6,Top Towel Peignoir À Capuche Mixte,5.0,Towel,6.0,32.14,
B07WNTZW6H,"LIVEHITOP Serviettes Hygiéniques Lavables - Menstruel Chiffon Réutilisable bio Bambou Charbon Protège-slips Grand Longue pour Nuit Lot de 5 L avec Sac, Cadeau La Saint-Valentin pour Femmes",4.4,LIVEHITOP,997.0,22.99,5.0
B097D21TNH,Serviettes hygiéniques réutilisables - Serviettes hygiéniques douces pour femme - En coton de bambou - Lavable - Absorbant - Couleur aléatoire - Taille : S - 1 pièce,3.5,Faderr,10.0,5.78,1.0
B078JJWVSJ,"Fab Little Bag Sacs hygiéniques pour tampons, serviettes hygiéniques, serviettes hygiéniques - Prévient les odeurs, scellable, écologique - Paquet de 125 sacs hygiéniques pour femmes - Sixer Pack",4.7,Bag,365.0,25.0,1.0
B09NGRTGM3,"Crisist Serviettes d'incontinence lavables, serviettes hygiéniques en tissu Serviettes d'incontinence étanches Serviettes menstruelles réutilisables Utilisation douce pour les femmes pendant la(M05)",2.9,Crisist,3.0,28.2,1.0
B0BQ6JYW2P,"DOMISO 14 Pouces Imperméable Sacoche de Protection Ordinateur Portable Sac à Bandoulière Serviette pour 14"" MacBook Pro/HP Stream 14 Chromebook 14/ThinkPad P14s T14s L14 Gen 2/ASUS ZenBook,Vert Sauge",4.7,DOMISO,72.0,34.99,
B0CJZY46Y3,"TOPWAYS Serviette Papier Deco Anniversaire 50 ans, 40 Pièces Noir Or Rose Serviette Papier Table Serviette pour Fêtes Decoration Elle Anniversaire 50 ans Fille Femmes (Serviette Anniversaire 50)",5.0,TOPWAYS,2.0,8.99,
B08519BBCJ,"KROSER Sac à main Sacoche pour Ordinateur Portable 15.6"" Sacoche à Bandoulière Élégant Imperméable Grand Porte-Documents RFID pour Travail/Affaires/Collège/Femmes",4.6,KROSER,2671.0,36.99,
B091MLMLYB,"NEWLIUXI Serviette de Poncho, Peignoir de Surf Doux avec Capuche, Séchage Rapide Changement de Serviette pour Homme et Femme, 110x90cm",4.3,NEWLIUXI,286.0,15.5,
B0030LXLUW,Carenesse Kilt de Sauna Femme 80x140 cm Gris I Serviette de Sauna Tissu éponge Coton Oeko-Tex 100 I Robe de Sauna Taille Unique avec Ceinture élastique I Jupe de Sauna avec Patte à 5 Boutons e Poche,4.0,Carenesse,86.0,24.99,
B09ZTK3VYH,"Serviettes Hygiéniques en Tissu, 5pcs Taille L Femmes Serviettes Hygiéniques en Coton Lavables Réutilisables Jour Nuit Utilisation Serviettes Féminines Serviettes Menstruelles à Flux Abondant",,Milltrip,,22.49,1.0
B0CHBGQJJB,"TOPWAYS Sauge Vert Eucalyptus Anniversaire Serviettes, 33 X 33 cm Anniversaire Serviette de Table Serviette pour Fête Anniversaire Fille Garçon Fille Femmes Party Decoration (Serviettes 40pcs)",,TOPWAYS,,8.99,
B07XLKC4WZ,SUPVOX 4pcs sac de serviettes hygiéniques pochette de la coupe menstruelle tampons collecter des sacs de support de coussin de soins infirmiers lavable pour les femmes et les filles,4.3,SUPVOX,117.0,11.89,
B01LB7LNVA,Surf Serviette Poncho pour Se Changer 100% Coton pour Adulte à Capuche en Tissu Éponge avec Poche,4.4,Adore,2180.0,26.99,
B07WG1GDQX,CelinaTex Funlike Jupe de Sauna Courte ou Longue Mixte S/M et L/XL en Coton éponge,4.0,CelinaTex,760.0,30.58,
B0B84XXWRM,"LTLCLZ Paréo de sauna pour femme avec sac S-XXL - Serviette de sauna avec élastique - Longueur genou, vert, X-Large",3.9,LTLCLZ,8.0,25.66,
B0CL3N5DKY,ULTECHNOVO 3 Pièces Serviette Hygiénique En Tissu Menstruel Serviettes Menstruelles Lavables Serviettes Hygiéniques Réutilisables Culotte Étanche Culotte Femme Serviettes Hygiéniques,,ULTECHNOVO,,14.19,1.0
B0CCL8RF1H,MAGIC ARMOR Peignoir pour femme - Léger - Manches 3/4 - Vêtement de nuit - Kimono - Peignoir de sauna avec col en V profond - Pyjama - S-XXL,5.0,ARMOR,2.0,24.99,
B0C9WZFV3M,"Serviettes Anniversaire Joyeux 40 ans, 20 Feuilles Happy Brithday Serviette Jetable Papier Rose Or, 33cmx33cm Serviette de Table Papier anniversaire, Decoration 40 Fête Anniversaire pour Femme Fille",4.3,Yiran,23.0,5.99,
B09BM9XR38,"Jeu de 8 Culottes Post Accouchement pour lit hebdomadaire – Culottes en Filet pour Serviettes hygiéniques après la Naissance, sous-vêtements en Maille Femme, pour Le Post Partum et césarienne",4.4,LAKY,460.0,16.99,
B0CKXV4BZV,"TOPWAYS Serviette Papier Anniversaire, 40Pièces Serviette Anniversaire Happy Birthday Serviette de Table Serviette Jetables pour Anniversaire Enfant Fille Garçon Femmes Homme (Serviette Noir Or)",,TOPWAYS,,9.99,
B0CP1ZTXX8,"ZOCONE 60 pcs 50 Ans Serviette Papier Anniversaire, Serviette Joyeux Anniversaire 33 * 33 cm Serviette Rose Gold Serviettes 50e Anniversaire Pour Les Anniversaires D'hommes Et De Femmes",,ZOCONE,,9.99,
B0C1GHRMNQ,"Serviettes Joyeux 40 ans Anniversaire, 20 Feuilles Happy Brithday Serviette Papier Noir Or, 30cmx30cm Serviette de Table Papier, Decoration Fête Anniversaire pour Homme Femme Garçon Fille",4.3,Yiran,91.0,6.99,
B07ZX4V9JM,Lot de 200 sacs de serviettes hygiéniques pour femme avec poignées Noir,4.4,Ywoworld,80.0,12.99,200.0
B000FVBXZK,"Alessi Girotondo Rond de Serviette Ajourè en Acier Argenté, Femme",4.6,Alessi,588.0,22.06,
B0CF5Q8HMP,Lot de 6 mouchoirs en coton pour femme - 28 x 28 cm - Serviettes de visage pour enfants et filles - Usage quotidien - Serviettes de visage pour filles et garçons,,WUURAA,,10.09,
B08Z89J8DF,Lot de 10 boîtes de 300 sachets pour élimination des tampons et serviettes hygiéniques pour femme - En PE,4.5,TIGA-MED,60.0,6.98,
B01M7POAND,"Jeu de 3 pièces de linge de sauna en tissu éponge avec kilt/paréo serviette de sauna serviette à mains Beige/gris foncé, 100 % coton, gris foncé, femme",4.5,HEIMTEXTIL,15.0,44.39,
B0CKSVBTXD,TOFBS Bracelet de Noël pour Femme Bracelet Tressé Rouges Christmas Pendentif Bracelets de Noël Bijoux Cadeau de Noël pour Filles Enfants,,TOFBS,,6.99,
B09D9R5HF9,"2022 Nouvelle surface en maille respirante, 12 pièces de tailles mixtes, serviettes hygiéniques réutilisables pour femmes pour flux léger moyen lourd et la nuit, serviettes hygiéniques lavables",3.9,Seyaom,22.0,33.05,1.0
B07WDWKZ54,CelinaTex Happyfun Poncho de Surf 52 x 85 cm Anthracite Menthe Vestiaire Poche Kangourou Femme Homme Enfant Microflanelle,3.2,CelinaTex,22.0,19.73,
B07YQG6J8C,"Nett® ProComfort® Normal, Tampon Sans Applicateur, pour Flux Normal, Boite 24 Tampons",4.6,Nett,302.0,3.79,24.0
B07ZW6R5NQ,"Tampax Compak Pearl, Régulier, 18 Tampons Avec Applicateur, Flux Légers à Moyens, Triple Confort avec Applicateur doux, MotionFit, Voile Douceur, Certifié Oeko-Tex",4.6,Always,466.0,,18.0
B07BFMNKBJ,"Nett Original Tampon sans Applicateur, Super Plus, Boite de 24 Tampons",4.7,Nett,223.0,2.66,32.0
B07DX91LR6,"Tampax Compak Pearl, Super, 18 Tampons Avec Applicateur, Flux Moyens à Abondants, Triple Confort avec Applicateur doux, MotionFit, Voile Douceur, Certifié Oeko-Tex",4.7,Always,852.0,3.1,18.0
B00WLTYPN6,"Tampax Compak Pearl, Super Plus, 18 Tampons Avec Applicateur, Flux Abondants, Triple Confort avec Applicateur doux, MotionFit, Voile Douceur, Certifié Oeko-Tex",4.7,Always,446.0,3.99,18.0
B082VVC4ZB,"Nett Original Tampon sans Applicateur, Super, Boite de 32 Tampons",4.7,Nett,144.0,2.81,32.0
B09VR4LCJR,"Tampax Compak - 28 Tampons Avec Applicateur, Lite, Flux Légers - Sans Parfum et Sans Colorant, Testé sous Controle Gynécologique, Protection Et Confort Pendant Vos Règles",4.8,Tampax,79.0,3.8,28.0
B082VVCPYP,"Nett Coton Bio Tampon Sans Applicateur, Normal, Boite de 16 Tampons",4.7,Nett,169.0,3.75,16.0
B0BQJQW12P,"Tampax Cotton Protection, Super Plus, 18 Tampons avec applicateur Sans Plastique, Flux Abondants, Coeur de tampon en Coton Biologique, Sans Parfum ni Colorant",4.7,Always,29.0,4.5,18.0
B09288Q37D,Love & Green Tampons écologiques 100% Coton BIO - Normal avec Applicateur x 16 tampons - Certifiés GOTS par ECOCERT,4.1,Green,67.0,4.53,16.0
B0BQJQGK3K,"Tampax Cotton Protection, Super, 18 Tampons avec applicateur Sans Plastique, Flux Moyens à Abondants, Coeur de Tampon en Coton Biologique, Sans parfum ni colorant",4.3,Always,24.0,4.5,18.0
B07WJJGLKS,"Tampax Cotton Protection, Super, 16 Tampons Avec Applicateur en Plastique Végétal, Flux Moyens à Abondants, Coeur de Tampon En Coton Biologique",4.6,Always,326.0,6.9,16.0
B09VQW3V3W,"Tampax Compak, Tampons Avec Applicateur Super Plus, 22 Pochettes Individuelles, Flux Abondants, Sans Parfum et Colorant, Testé sous Controle Gynécologique, Protection Et Confort Pendant Vos Règles",4.7,Tampax,177.0,,22.0
B09VQY7WZ4,"Tampax Compak Super Tampons Avec Applicateur X24, Protection Et Confort Pendant Vos Règles",4.6,Tampax,52.0,5.19,24.0
B075FT15H4,"Nett Original Tampon sans Applicateur, Normal, Boite de 32 Tampons",4.6,Nett,40.0,,
B08YG9YWX1,Nett Boite de Tampons en Coton Bio sans Applicateur Super 16 Unités,4.3,Nett,26.0,,16.0
B09VQ2BHMR,"Tampax Compak - 24 Tampons Avec Applicateur, Régulier, Flux Légers à Moyens - Sans Parfum et Sans Colorant, Testé sous Controle Gynécologique, Protection Et Confort Pendant Vos Règles",4.7,Tampax,25.0,4.99,24.0
B007Q3KYVO,"Beppy Tampon Hygiénique sans Ficelle pour Rapport Sexuel Pendant Reg, Wet, 8 Pièces",4.3,Beppy,574.0,17.99,1.0
B09MSFN9CS,"Tampax Compak Cotton Protection, Régulier, 56 Tampons Avec Applicateur en Plastique Végétal, Flux Légers à Moyens, Coeur de Tampon En Coton Biologique",4.6,Always,361.0,25.16,56.0
B004JBRQ80,"Organyc, Tampons 100% coton bio certifié SUPER PLUS- 1 boîte de 16 tampons",4.3,Organyc,50.0,,1.0
B0013CA9KK,o.b. Tampons Confort Mini 16 Pièces,4.6,o.b.,285.0,7.89,16.0
B00DBWRMP0,"Organyc, Tampons 100% coton bio Super sans applicateur,lot de 4 boîtes (16 unités X 4)",4.0,Organyc,42.0,15.7,64.0
B08KH9VGG8,ELANEE Lot de 4 tampons doux sans fil (742-V3),4.1,Elanee,321.0,6.55,
B09T75JY39,"Jho - Tampons 100% Coton BIO - Avec applicateur compact (Super, 1 boite = 16 tampons)",4.2,JHO.,15.0,7.9,16.0
B001DX5ZPS,Tampax Super Tampons avec applicateur en carton,4.7,P&G,961.0,9.52,20.0
B08YP4PPKM,o.b. ExtraProtect Super Lot de 42 tampons pour les jours forts avec technologie Dynamic Fit et ailettes de protection supplémentaires pour une protection ultime contre les fuites,4.8,o.b.,1175.0,10.47,42.0
B0052EFBO4,Saforelle Florgynal Tampon Probiotique 8 Super,4.5,Saforelle,22.0,14.99,
B004JBVCHG,"Organyc, Tampons 100% coton bio certifié RÉGULIER - 1 boîte de 16 tampons",4.5,Organyc,421.0,4.74,16.0
B08YP4JKMH,"Tampon o.b., ProComfort Normal, pour jours moyens à forts, confort ultime* et protection fiable, 64 pièces",4.8,o.b.,632.0,10.29,64.0
B08YLH3MB2,"o.b. ExtraProtect Super+ Comfort Lot de 36 tampons pour les journées très fortes avec technologie DynamicFit et ailes de protection supplémentaires, protection ultime contre les fuites",4.8,o.b.,1356.0,9.54,36.0
B00NAA925Q,Tampons Tampax Super-Plus 30 pezzi,4.6,Tampax,390.0,17.81,30.0
B072NBV7SF,"TAMPAX&GO MINI, Lot de 18 tampons",4.7,S-LINE,384.0,11.9,18.0
B08NZ2V6KB,NETT - Procomfort Tampons Digitaux 24 Tampons - Lot De 4 - Offre Special,5.0,Beauté,1.0,34.99,4.0
B00DPXXM5E,Beppy Soft Comfort Tampon avec Lubrifiant Revêtement 4 Pièces,4.4,Beppy,183.0,9.95,4.0
B0145NOA2G,"Tampons compacts avec applicateur Veeda 100% coton naturel, sans BPA, sans chlore, sans toxines ni pesticides, super, 16 unités",4.0,Veeda,43.0,5.99,16.0
B07YSM5L76,,,,,,
B08YYQNPXX,o.b. Organic Super Lot de 16 tampons bio pour les jours forts en 100% coton bio pour une protection fiable et naturelle,4.4,o.b.,142.0,8.92,
B00DBWRIZY,"Organyc Tampons 100% coton bio Regulier sans applicateur,lot de 4 boîtes (16 unités X 4)",4.3,Organyc,60.0,13.4,64.0
B07DLCQ9FZ,MYLILY® Tampons bio | 100% coton bio | 0% chimie | différentes tailles | 16 tampons | protection fiable | insertion facile | Mini |1x 16,4.4,MYLILY,160.0,4.99,16.0
B0BHXKYS5N,"tom&pat Éponge menstruelle avec bande de retrait, alternative naturelle aux soft tampon, Dermatest Très Bien, boîte de changement pour voyager, éponge naturelle réutilisable (taille S / 5 x 3-5 cm)",4.1,tom&pat,435.0,23.95,5.0
B08KH6FJ6R,ELANEE Lot de 50 tampons doux et souples (742-V2),3.9,Elanee,5.0,28.06,
B08YP68DN5,"o.b. ProComfort Mini Tampons pour jours légers à moyens avec technologie Dynamic Fit et surface SilkTouch, pour un confort ultime* et une protection fiable (1 x 64 pièces)",4.8,o.b.,686.0,11.9,64.0
B076SWCW3Y,,,,,,
B07JLV25KJ,,,,,,
B094G1XS16,Sadocom Lot de 100 sacs jetables pour tampons hygiéniques féminines hermétiques et anti-odeurs,4.6,Sadocom,83.0,13.99,
B09CNSW4B1,,,,,,
B07KW8LGYM,La Cup Luneale - cup menstruelle - design ergonomique exclusif créé avec des sages-femmes - fabrication française - 100% silicone médical platine - S (flux faible/moyen),4.3,Luneale,100.0,25.9,1.0
B01LFBZKD4,Lot de 6 tampons absorbants intérieurs Tampax Regular pour femme,,Tampax,,54.99,6.0
B0B28P878G,"Lot de 200 sacs d'élimination de serviettes hygiéniques, sacs d'élimination de tampons féminins noirs opaques pour tampons, serviettes hygiéniques, doublures hygiéniques",4.7,Icecode,18.0,19.98,200.0
B0B5BDBX8G,,,,,,
B071VD5LF7,,,,,,
B08LNXYQ8Y,,,,,,
B0B5HKS71X,femtis Culotte de règles MEJA Taille Moyenne | sous-vêtements menstruels très absorbants pour saignements abondants | pour Femmes et Filles | Alternative écologique aux tampons et protège-Slips,4.5,femtis,68.0,26.75,
B008ISZH3G,,,,,,
B099P53C5J,Ecoblossom Lot de 2 disques menstruels réutilisables – Lot de 2 coupes menstruelles – Disque de menstruation souple pour femme conçu avec une coupe menstruelle souple en silicone de qualité médicale,3.9,EcoBlossom,1780.0,64.8,2.0
B01HQVLX7O,,,,,,
B077RTQKV5,Pixie N ° 1 pour le plus confortable Coupe menstruelle Cup Chaque Acheté On est à une femme dans le besoin Petit,4.5,Cup,801.0,23.36,1.0
B082J6FMKW,,,,,,
B0C789YV6X,,,,,,
B00PBI86O8,,,,,,
B009E1VOTC,,,,,,
B00028O5RY,,,,,,
B077RJV4MM,"LATESSA® coupe menstruelle, test très bien, Fabriqué en Allemagne, sans BPA, period menstrual cup, cup menstruelle, cadeau femme, alternative tampons doux/serviettes hygiéniques, S petit",4.5,LATESSA,1127.0,15.99,1.0
B00FUY8DW8,"Natracare Tampons, Super Plus, 20 CT",4.0,Natracare,1.0,12.49,
B004NAGK52,,,,,,
B08PBSHN76,,,,,,
B09SFBXMKW,"Tampons pour incontinence urinaire, tampons pipi réutilisables utilisation sûre utilisation multifonctionnelle pour les femmes âgées pour un usage quotidien pour les hommes âgés",3.0,Naroote,1.0,20.39,1.0
B01EAGUZAY,,,,,,
B00FV2PU2A,,,,,,
B07X9F5LM6,,,,,,
B0CJBZWYYP,,,,,,
B07WZP3NPQ,,,,,,
B08CKLZ7W5,,,,,,
B0B1959MS2,,,,,,
B004QJL83O,,,,,,
B09N7GMKFT,,,,,,
B0759RB3LK,,,,,,
B00IXH1DFS,,,,,,
B077XDM51Q,,,,,,
B07Q843TZ7,,,,,,
B0CGTKSHX8,,,,,,
B0BXBKWQCG,,,,,,
B0BZY64R31,,,,,,
B0BS3RHYW6,,,,,,
B0C7MC2BS4,,,,,,
B0B1JBJL6C,,,,,,
B0CBSMRLJT,,,,,,
B0BTNBSTS6,,,,,,
B0CH8DF79L,,,,,,
B0CMX9MHTY,,,,,,
B0CMX9P6R7,,,,,,
B0CMX9B3YB,,,,,,
B0CMXB2R7Z,,,,,,
B0CMXBX2DB,,,,,,
B0CMX9P5ZM,,,,,,
B0CPPD1BZ3,,,,,,
B0CDNWF9XH,,,,,,
B0CPPBDJCH,,,,,,
B09VKYCY6L,,,,,,
B096W96YYL,,,,,,
B0BYXSJMGM,,,,,,
B09ZJ65SCQ,,,,,,
B09H3H37QC,,,,,,
B0C88FR83J,,,,,,
B0CCN2S547,,,,,,
B09H3CL25Y,,,,,,
B0C88JKXLJ,,,,,,
B0BK7YC6ZZ,,,,,,
B0B7R3C2ML,,,,,,
B09H3CDFD5,,,,,,
B0C88JTLNZ,,,,,,
B09J7VZR6S,,,,,,
B09J84ZNZN,,,,,,
B09HQ21XQN,,,,,,
B09J94M6HK,,,,,,
B097SZ1YDS,,,,,,
B0CBSNG9B6,,,,,,
B0CP99N6BF,,,,,,
B09X345FKL,,,,,,
B0C8SJD7YH,,,,,,
B0CBSMLS27,,,,,,
B0CBSP122C,,,,,,
B0BWVP6N7K,,,,,,
B0CBSPDCPM,,,,,,
B0CMX99854,,,,,,
B0CMX95V41,,,,,,
B0CMX8Y739,,,,,,
B0CMX8T7C7,,,,,,
B079Q8ZWFX,,,,,,
B079Q8ZWLL,,,,,,
B0CMX7P5Q3,,,,,,
B07RHQ8W82,,,,,,
B0CMX987L1,,,,,,
B0CMX88V8D,,,,,,
B079PVXXGY,,,,,,
B076ML3Z17,,,,,,
B07D9FF87L,,,,,,
B07DHBZ7KH,,,,,,
B09QS27PTJ,,,,,,
B07DHBZ6MY,,,,,,
B08GSHZMYM,,,,,,
B09X17V39R,,,,,,
B079JSS8LD,,,,,,
B09XBNC8GH,,,,,,
B08VRGG5RZ,,,,,,
B00BL1137Q,,,,,,
B0CBT2534K,,,,,,
B0BZ1WZZB3,"YTYOMUR Menstrual Cups, 2 coupes menstruelles souples accompagnées d'une coupe nettoyante pliable - Hygiène féminine alternative aux tampons et serviettes hygiéniques, réutilisable",4.6,YTYOMUR,43.0,19.99,1.0
B0CKH3BH19,,,,,,
B079Q1FLZ9,,,,,,
B0C7MDVP2G,,,,,,
B01KUJTSFI,,,,,,
B016AGSNHY,,,,,,
B09Q3MRSM2,,,,,,
B0CKYLSHQB,,,,,,
B07CG98SVR,,,,,,
B07G9JPBW9,,,,,,
B0CKMXTRYH,"EBKCQ Disque Menstruel, Cup Menstruelle, Coupe Menstruelle Réutilisable, Applicateur Cup Sans Fuites avec 2 Tailles, Silicone Médical, Confortable Doux, Alternatives aux Tampons, S+L",,EBKCQ,,10.99,1.0
B07R96219D,,,,,,
B08DTX45DY,Coupe Menstruelle Eureka!Cup (XL) | Vider sans le retirer du vagin,4.4,CUP,237.0,24.95,1.0
B07H82X8HV,,,,,,
B01N63E1JO,enna Cycle « M » 2 Coupelles Menstruelles + Récipient pour Stérilisation + Applicateur,4.5,enna,3237.0,42.9,1.0
B0C9YLWBXH,"Applicateur de coupe menstruelle, insertion sans effort et confortable, réutilisable et compatible avec la plupart des coupes menstruelles, pour adolescents ou débutants (doit être utilisé avec du",4.2,Mascoto,8.0,20.28,
B07TDMGPYG,"Lumma Unique - Coupe Menstruelle Flexible avec Cordon Silicone Médical - Cup Réutilisable - Sans Fuites - Confortable Tres Doux - High, Unicorn",3.9,Lumma,424.0,29.95,1.0
B09YDB8Y8F,"Coupe Menstruelle Souple, FainFun Menstrual Cup Kit, 2 Pièces Period Cup Sont en Silicone Souple, Cup Menstruelle de Grande Taille et Petite Taille, Coupelle Menstruelle Réutilisable",3.8,FainFun,34.0,14.49,1.0
B09Z6RLBH1,enna cycle easy «M» 2 Coupes Menstruelles + Récipient pour Stérilisation + Applicateur,4.3,enna,143.0,44.19,1.0
B0CJC3P8MS,"Nizirioo 2 Pièces Coupe Menstruelle, Disque Menstruel, Coupe Menstruelle Souple, Ensemble De Coupe Menstruellecoupe Menstruelle Pour Les Soins Féminins Lavable Et Réutilisable (S-L)",,Nizirioo,,14.99,1.0
B0CL583N8D,,,,,,
B08496LDTN,Merula – Coupe menstruelle – Taille XL – Pour les jours de flux abondants,4.3,Merula,110.0,25.98,1.0
B0CL58MHY4,"FENYW Disque menstruel Femdisc, disque menstruel étanche, coupe menstruelle souple femdisc réutilisable en silicone médical, disque menstruel cup tampons souples alternatifs et OB (rouge L)",,FENYW,,6.99,1.0
B07DPMP7G1,"Coupelle menstruelle Loovara sans silicone (100% caoutchouc naturel) avec nettoyant (150 ml) et sac, taille L, emballage économique",3.9,Loovara,290.0,7.21,1.0
B074PBX6ZY,Pixie Pliable Coupe silicone pour Stériliser Coupes menstruelles et Stockage Diva Cup pliable pour Teal Voyage,4.8,Cup,1830.0,13.72,1.0
B07Y5JZ1RG,"Lumma Unique - Coupe Menstruelle Flexible avec Cordon Silicone Médical - Cup Réutilisable - Sans Fuites - Confortable Tres Doux - Medium, Pink Love",4.2,Lumma,514.0,29.95,1.0
B079Q2CFDL,CLARIPHARM Duopack Coupes Menstruelles Claricup Taille 1,4.4,Claripharm,70.0,26.81,1.0
B09PZYJ329,"Chillhil - Comprend 2 Coupes Menstruelles Tailles S et L et une Récipient pour Stérilisation - Cup Menstruelle 100% Silicone de Qualité Médicale, Réutilisable et Lavable",4.2,Chillhil,119.0,17.99,1.0
B079QDZ2MC,"Me Luna Coupe menstruelle Classic, bague, bleu, Taille S",4.2,LUNA,77.0,10.88,1.0
B0CLLBBYQ5,"JDCMEI Coupe Menstruelle, Menstruels Réutilisables Femdisc Disque Menstruel avec Boîte en Silicone Disque Menstruel Souple Tasse en Silicone Féminine Tampon et Tampon Alternatifs Produits",,JDCMEI,,11.99,2.0
B0CL56R5M4,"FENYW Disque menstruel, Disques menstruels réutilisables femdisc en silicone médical, disque menstruel femdisc cup menstruelle tampons souples alternatifs et OB (violet, S+L)",,FENYW,,7.99,1.0
B00M0RZH3G,Liberty Cup Coupe Menstruelle Taille 2,4.4,Cup,11.0,16.99,1.0
B0757XT5HP,Fun Factory FUN CUP EXPLORE KIT - 2 Coupes menstruelles de forme ergonomique - 1x grand et 1x petit - En silicone - Avec une pochette (Rose/Bleu),4.4,FACTORY,709.0,33.0,1.0
B086BFSL34,"Saalt Lot de 2 coupelles menstruelles souples – Coupe sensible – # 1 Active Cup – À porter pendant 12 heures – Souple, flexible, réutilisable en silicone de qualité médicale",4.5,saalt,1427.0,42.08,2.0
B00UDFHFEQ,Lamazuna Cup Féminine Coupe Menstruelle Taille 1,5.0,Lamazuna,7.0,13.99,1.0
B079JYJBF2,"INTIMINA Ziggy Cup Coupe Menstruelle Réutilisable Extrafine au Design Plat, Rose",3.7,INTIMINA,7065.0,42.93,1.0
B085WDWJ9N,Merula Cupscup Nettoyeur vapeur à micro-ondes pour coupes menstruelles,4.8,Merula,765.0,13.34,1.0
B09L6P6PH2,"Intima Cup, Coupe Menstruelle Taille 2 Super - Flux Abondant, Lot de 2",4.1,Intima,2.0,29.76,2.0
B073RFCNZZ,"Merula Cup midnight (noir) ""taille unique"" - Coupe menstruelle en silicone à usage médical",4.0,Merula,2869.0,28.52,1.0
B09Z6PM8V9,enna cycle easy «S» 2 Coupes Menstruelles + Récipient pour Stérilisation + Applicateur,4.4,enna,76.0,44.19,1.0
B0766DYYYV,French Tendance Pharma'Cup Toilette Intime Rose T1,3.7,Pharma'Cup,3.0,5.93,1.0
B072Q2LYJ9,"Merula Cup apple (vert) ""taille unique"" - Coupe menstruelle en silicone à usage médical",4.2,Merula,300.0,20.67,1.0
B0CJXTCYD8,LOPKJ 2 Lot De Disques Cup Coupe Menstruelle (Petit Et Grand) Lovense Cup Menstruelle Eponge RéUtilisable Tampon En Silicone FéMinin Sans Fuites De L'Environnement,,LOPKJ,,20.99,1.0
B0B5BC19SB,Beppy Cup - Coupe Menstuelle | Cup Menstruelle | 2 coupes menstruelles (Cotton Candy (Rose/Lilas)),4.4,Beppy,94.0,49.95,1.0
B00GSSJQF8,Coupe menstruelle Lybera® Cup transparent (Petite),4.3,Lybera,1085.0,13.13,1.0
B00LWE6C0A,Flex Plant Plus Disques menstruels jetables à base de plantes | Alternative aux tampons et aux tasses | Capacité de 5 super tampons | Disque menstruel fabriqué avec des polymères végétaux durables de,4.5,Company,580.0,,12.0
B01N63E1OD,"ENNA CYCLE ""M"" - 2 coupe menstruelles + Boîte de stérilisation",4.5,enna,3504.0,34.02,1.0
B07C8BWL2Z,"Rainbow Cup, Coupe menstruelle, fabriquée en Italie, en silicone médical sans latex et additifs, confortable, écologique, sûr, en plusieurs variantes, coupe menstruelle douce, transparente, taille 1",3.8,Rainbowcup,34.0,14.03,1.0
B079LVKBYQ,"Duo Saalt Cup - La plus agréable des coupes menstruelles - Meilleure coupe pour les femmes actives - Silicone doux, souple, réutilisable et de qualité médicale - Fabriquée aux États-Unis",4.4,saalt,1578.0,41.0,2.0
B09Z6QCL7Z,enna cycle starter kit-easy cup,4.2,enna,45.0,42.9,1.0
B00STLACSM,Intimina Lily Cup Compact Taille A - Petite Coupelle Menstruelle Compacte qui se Plie à Plat,4.3,INTIMINA,2125.0,19.11,1.0
B079PVXX8D,"Me Luna Coupe menstruelle Classic, boule, Violet, Taille XL",4.0,LUNA,70.0,12.52,1.0
B0CG9QDGS1,Acboor Lot de 2 coupes menstruelles avec deux tailles pour les courants légers ou forts - Anti-fuite,5.0,Acboor,2.0,14.99,2.0
B0BH8F5FX8,"Mascoto® Disques menstruels nouvelle génération avec boucle, coupe plate, silicone de qualité médicale réutilisable, alternative au tampon et aux tampons ultra confortables, pour les règles sexuelles",4.3,Mascoto,42.0,27.94,1.0
B079Q31Q7C,CLARIPHARM Duopack Coupes Menstruelles Claricup Taille 3,4.2,Claripharm,68.0,26.89,1.0
B09L1B3TXL,"Intima Cup, Coupe Menstruelle Taille 1 Normal - Flux Régulier, Lot de 2",4.3,Intima,4.0,24.48,2.0
B000FAG6X0,DivaCup Menstrual Cups Modèle 1. 100% Silicone de Qualité Médicale. Alternative Sûre et Sans Fuite aux Serviettes Hygiéniques et aux Tampons,4.5,DivaCup,10934.0,27.18,1.0
B09KBR6K7M,"Pixie Disque menstruel souple – Classé 1 pour le disque menstruel le plus doux réutilisable – Tige amovible – Porter pendant 12 heures – Silicone de qualité médicale – Alternative aux tampons, tampons",4.2,Cup,545.0,32.57,1.0
B079QDMMM9,"Me Luna Coupe menstruelle Classic, bague, bleu/paillettes, Taille M",4.2,LUNA,101.0,22.23,1.0
B07Y5GW3NV,"Lumma Unique - Coupe Menstruelle Flexible avec Cordon Silicone Médical - Cup Réutilisable - Sans Fuites - Confortable Tres Doux - Small, Pink Love",3.9,Lumma,246.0,29.95,1.0
B08HWKCG3L,"tom&pat Éponge menstruelle avec bande de retrait, alternative naturelle aux soft tampon, Dermatest Très Bien, boîte de changement pour voyager, éponge naturelle réutilisable (taille S / 3 x 3-5 cm)",4.1,tom&pat,435.0,19.95,3.0
B073ZGQLXG,Cup Protect Saforelle,4.1,Saforelle,12.0,29.89,
B09NPPQKGW,PEESAFE Reusable Menstrual Disc | 1 Menstrual Disc + 1 Spandex Storage Pouch | High Capacity (55 ml) | Made of Medical Grade Silicone,3.4,PEESAFE,24.0,39.99,1.0
B0CJXXJS59,"Gobesty Cup Menstruelle Femdisc Disque Menstruel, Disques Menstruels Réutilisables Coupe Menstruelle Merula Cup Réutilisable Disque Périodique 2pcs(L+S)",,Gobesty,,15.99,1.0
B01F1RXFBM,Cup Menstruelle 100% en Silicone Médical - Hygiène féminine Menstruelle Boites -43mm,3.9,fourHeart,32.0,9.23,1.0
B0054SD2BW,Lunette coupe menstruelle - Violette - Taille 1 (EN Version),4.4,Lunette,4534.0,25.0,1.0
B0BH8P2HHS,"Mascoto® Disques menstruels nouvelle génération avec boucle, coupe plate, silicone de qualité médicale réutilisable, alternative au tampon et aux tampons ultra confortables, pour les règles sexuelles",3.8,Mascoto,18.0,27.94,1.0
B0757LWQDW,"Fun Factory FUN CUP SIZE A - Deux coupes menstruelles, en silicone, avec une pochette (Rose/Turquoise)",4.4,FACTORY,79.0,36.9,1.0
B09Z6SXT97,enna cycle easy «L» 2 Coupes Menstruelles + Récipient pour Stérilisation,4.4,enna,50.0,39.04,1.0
B00M0S8OPS,Liberty Cup Coupe Menstruelle Taille 1,4.3,Cup,7.0,15.99,1.0
B079Q96FNX,"Me Luna Coupe menstruelle Classic, manche, Violet, Taille S",4.5,LUNA,68.0,20.28,1.0
B079KFS95M,FAIR SQUARED Period Cup Menstrual Cup - Coupe menstruelle en caoutchouc naturel issu du commerce équitable - Vegan et Zero Waste (Taille L),4.3,Squared,86.0,14.99,1.0
B01N1GUS0U,Pixie Cup Mieux que Diva Coupe menstruelle liquide de lavage Moussant Distributeur Tous les ingrédients biologiques et naturels et Healthiest meilleure façon de nettoyer votre période Coupe 200ml,4.7,Cup,1548.0,19.24,
B071W8R7GW,"Merula Cup mermaid (bleu) ""taille unique"" - Coupe menstruelle en silicone à usage médical",4.1,Merula,158.0,37.85,1.0
B0BCWGYJQF,"Disque périodique réutilisable, peut être porté jusqu'à 12 heures, alternative durable aux tampons et tampons, pour des flux légers ou lourds, étanche",4.0,Bodyotics,242.0,26.52,1.0
B086694C6G,"Saalt Coupe menstruelle douce – Super douce et flexible – Meilleure coupe sensible – À porter pendant 12 heures – Fabriquée aux États-Unis (Desert Blush, Taille S)",4.5,saalt,2179.0,28.03,1.0
B0BKL9CGL8,Neione Culotte Menstruelle Flux Abondant | Hipsters Extra-Doux pour Règles Post Partum,4.2,Neione,3170.0,29.99,
B079QFC2GK,Me Luna Coupe Menstruelle Classic Manche Violet Taille L,4.1,LUNA,45.0,21.51,1.0
B07Q5V54V4,2x Coupe Menstruelle Femme Essentials - Coupelle Menstruelle discrète et hygiénique - en Silicone médical avec Pochette en Satin et Instructions en français - Cup Menstruelle - Rose (Groß),4.2,Essentials,346.0,15.99,2.0
B079Q96FNY,"Me Luna Coupe menstruelle Classic, boule, Violet, Taille L",4.4,LUNA,92.0,17.27,1.0
B079Q8ZH5R,"Me Luna Coupe menstruelle Classic, bille, noir, Taille S",4.4,LUNA,54.0,27.19,1.0
B079Q8ZWDS,"Me Luna Coupe menstruelle Classic, manche noir taille S",3.9,LUNA,22.0,11.88,1.0
B0CKYDN51S,"FENYW Femdisc Disque menstruel, Disque périodique, coupe menstruelle souple femdisc réutilisable en silicone médical, disques menstruels femdisc tampons souples alternatifs et OB (violet, S+L)",1.0,FENYW,1.0,12.99,1.0
B000X29GY6,"Instead Softcups 12 Hour Feminine Protection,14 Count by EvoFem",4.4,Softcup,18605.0,34.4,14.0
B08XZRLFXZ,Liberty Cup Culotte Menstruelle Couleur Noir Bio - S/M,2.8,IPRAD,6.0,18.77,
B07Q74VDQN,MYLILY® Cup menstruelle | 100% silicone médical I Durable et économique I Coupe menstruelle | Sans BPA ni latex | Réutilisable I 5 tailles (L2),4.3,MYLILY,127.0,19.95,1.0
B079Q934H8,"Me Luna Coupe menstruelle Classic, bague, transparent, taille M",4.1,LUNA,29.0,12.84,1.0
B079QJ25LL,"Me Luna Coupe menstruelle Soft, bague, cyan taille Shorty L",4.3,LUNA,26.0,22.82,1.0
B079QHDD7X,"Me Luna Coupe menstruelle Classic, boule, Violet, Taille M",4.3,LUNA,168.0,17.27,1.0
B09MSBV169,MY FIRST CUP TULIP CUP Coupe Menstruelle Taille L en silicone médicale Violet Translucide,3.3,CUP,8.0,12.99,1.0
B073ZGWD2F,Cup Protect Saforelle,4.0,Saforelle,4.0,,1.0
B07JGTJ56P,"Ruby Cup -Coupe menstruelle en Silicone Médical Hypoallergénique - Taille S (Petite, Flux léger) - NOIRE – Un produit acheté-Un produit donné. Alternative fiable aux tampons/serviettes hygiénique",4.2,Cup,54.0,29.58,1.0
B092ZJ6MN5,"M MUNCASO Coupe Menstruelle 2 pièces Period Menstrual Cup, Très douce et flexible Coupe Menstruelle Réutilisable et Lavable Silicone Médical Coupe Menstruelle",4.1,MUNCASO,22.0,18.99,1.0
B01CUOKUG2,"Coupe Menstruelle Sileu Cup Soft - Hypoallergenique, sans cruauté - Previent la cystite - Sans fuite- Silicone médicale antimicrobien - Taille L, Violet",4.4,Sileu,595.0,16.54,1.0
B07KW1GWWM,Livella coupe menstruelle/incluses cup (S) / Qualité allemande/hygiène mensuelle durable/alternative aux tampons et liaisons/silicone médical,3.7,Livella,49.0,14.9,1.0
B08WGLLCPP,Libby Coupe menstruelle Taille M 20 ml,4.5,Cup,32.0,27.68,1.0
B079QJFSN3,"Me Luna Coupe menstruelle Classic, boule, transparent, taille XL",4.1,LUNA,16.0,12.91,1.0
B01IH5NB3M,"Eco-Conseils Coupe Menstruelle, Rose, Grande, 29 ml",4.2,ECO-CONSEILS.COM,93.0,19.9,1.0
B002MA4SI6,Lunette coupe menstruelle - Bleue - Taille 1 (EN Version),4.4,Lunette,1480.0,25.0,1.0
B0CM6Z9YXV,"BLOD – Éponges menstruelles très douces – Soft tampons naturels et réutilisables – Écologique, biodégradable et compostable (3 moyennes)",5.0,Blod,1.0,16.9,1.0
B08HKNDWWZ,"De Groene Cup Éponges menstruelles - Avec sac hygiénique pratique - 100 % naturel, réutilisable, bio, durable, sans plastique - 2 éponges (6,5-7,5 cm)",,Cup,,22.5,2.0
B079Q14YXT,"Me Luna Coupe menstruelle Classic, manche, bleu, Taille M",4.6,LUNA,53.0,21.45,1.0
B0BFC16W6Q,"Mascoto® Disque menstruel nouvelle génération, coupe plate, silicone de qualité médicale, réutilisable, fin et ultra confortable (grand)",,Générique,,27.94,1.0
B08S41Y6Q7,Libby Coupe menstruelle Petit 14 ml – Coupe basse du col de l'utérus ou de débutant,4.8,Cup,14.0,24.74,1.0
B00NB3SMOY,Lunette coupe menstruelle - Transparente - Taille 1 (EN Version),4.4,Lunette,677.0,28.2,1.0
B079QHDJ32,"Me Luna Coupe menstruelle Classic, manche, Orange, Taille L",4.2,LUNA,7.0,22.42,1.0
B079QFC2JM,"Me Luna Coupe menstruelle Classic, manche noir taille l",4.2,LUNA,51.0,17.27,1.0
B07QJ6FC47,"Coupe menstruelle CarrieCup, de grande taille, made in Germany, sans BPA, alternative aux tampons et serviettes hygiéniques, sans silicone, avec sachet violet inclus",4.3,riijk,356.0,17.99,1.0
B07CNM2SWC,CLARIPHARM Duopack Coupes Menstruelles Claricup Taille 0,3.2,Claripharm,4.0,27.84,1.0
B07W846D7G,COUPE MENSTRUELLE M,,Anaé,,20.59,1.0
B0B2S8C8FR,Coupe menstruelle Eurêka! tasse classique M/L 1 unité,4.0,CUP,1.0,19.95,1.0
B0CLY65M7V,"2 Pièces Disque Menstruel, Disques Menstruels Réutilisables en Silicone 100% Médical avec S et L Coupe menstruelle Merula Cup avec Boîte en Silicone Disque Périodique Alternative aux Tampons Doux",3.0,IXYHKB,1.0,15.99,1.0
B0CCF2B381,"SHORDY Lot de 2 disques menstruels réutilisables (petit et grand), 100 % silicone de qualité médicale, disques menstruels flexibles et sans fuite, respectueux de l'environnement, hygiène féminine et",4.2,SHORDY,94.0,19.56,1.0
B0C2Z6XJMW,"Mascoto® Disque menstruel nouvelle génération, coupe plate, silicone de qualité médicale, réutilisable, pétale mince et ultra confortable, alternative au tampon et tampon avec pochette de voyage",3.3,Mascoto,5.0,18.23,1.0
B079Q4MMZP,"Me Luna Coupe menstruelle Classic, boule, bleu, Taille S",4.4,LUNA,23.0,22.13,1.0
B0BHX8FY1T,"tom&pat Éponge menstruelle avec bande de retrait, alternative naturelle aux soft tampon, Dermatest Très Bien, boîte de changement pour voyager, éponge naturelle réutilisable (taille M / 3 x 5-7 cm)",3.7,tom&pat,24.0,21.95,3.0
B079QJFSPX,"Me Luna Coupe menstruelle Classic, manche, rouge, Taille M",4.1,LUNA,10.0,14.22,1.0
B072FGYPPF,"Masmi Coupe Menstruelle en Élastomère de Grade Médical | Hypoallergénique | Alternative Zéro Déchet | Réutilisable et Recyclable | Sans silicone, sans latex, sans Bisphénol et sans Phtalates, Taille L",4.1,Masmi,5.0,22.6,1.0
B0BB2JRJK5,NOUVEAU Neutral Cup Soap Beppy - Savon neutre pour votre coupe menstruelle,5.0,Beppy,4.0,18.89,1.0
B07VRD5YX5,"Coupe Menstruelle Sileu Cup Divine - Hypoallergenique, sans cruauté - Previent la cystite - Sans fuite- Silicone médicale antimicrobien - Taille L, Rouge",4.3,Sileu,81.0,16.54,1.0
B092ZKKVXX,"M MUNCASO Coupe Menstruelle 2 pièces Period Menstrual Cup, Très douce et flexible Coupe Menstruelle Réutilisable et Lavable Silicone Médical Coupe Menstruelle (S, Rouge Rosé)",4.2,MUNCASO,35.0,18.99,1.0
B084K46K4T,Tampax Cup Coupelle menstruelle réutilisable avec étui de protection Flux abondant,3.8,Tampax,263.0,20.48,1.0
B079Q14QDP,Me Luna Coupe Menstruelle Classic Boule Bleu Taille L,3.9,LUNA,21.0,11.47,1.0
B0B196STMD,"Culotte Menstruelle FLUX ABONDANTS-TECH 4 COUCHES ULTRA ABSORBANTE, Coton Bio, Lavable Réutilisable- Culotte de règle ADOLESCENTES-Anti Fuite-Anti Spotting-Protection Intégrale Jour/Nuit(S)",4.4,Vegemya,34.0,15.99,1.0
B079QCF3DK,"Me Luna Coupe menstruelle Classic, boule, bleu, Taille M",4.3,LUNA,32.0,13.17,1.0
B0CKYD431D,"FENYW Femdisc Disque menstruel, Disque périodique, coupe menstruelle souple femdisc réutilisable en silicone médical, disques menstruels femdisc tampons souples alternatifs et OB(Rose, S+L)",5.0,FENYW,1.0,12.99,1.0
B079Q96FNZ,"Me Luna Coupe menstruelle Classic, manche, Violet, Taille M",4.3,LUNA,54.0,18.6,1.0
B0757YRJS6,"Fun Factory FUN CUP SIZE B - Deux grandes coupes menstruelles, en silicone, avec une pochette (Violet/Bleu)",4.2,FACTORY,191.0,18.28,2.0
B09F65JBFM,Coupe menstruelle taille L (30 ml) - Gaia Cup - Commerce équitable,3.6,Cup,3.0,22.0,1.0
B09F668NY1,Coupe menstruelle taille S/M (25 ml) - Gaia Cup - Commerce équitable,3.7,Cup,2.0,22.0,1.0
B0CL1T18SW,"XPJBKC Coupe Menstruelle, 2 Pièces Coupe Menstruelle Réutilisable, Disque Menstruel Anti-fuite Souple, Disque Menstruel Sans BPA, Produits Alternatifs D’hygiène Féminine(S+L)",,XPJBKC,,17.99,1.0
B095HRKBDT,Rovtop Lot de 5 Culotte Menstruelle en Coton pour Fille Culotte Incontinence pour Enfants Adolescente Culotte Périodiques Lavable,4.3,Rovtop,2080.0,19.99,
B0CJXGCKT7,"Cup Menstruelle, CJBIN Disque Menstruel Réutilisable, Coupe Menstruelle avec 2 boîtes en silicone, Disque Menstruel Étanche, Cup Menstruelle Sans Bpa, Alternatives Aux Tampons (Violet)",,CJBIN,,11.99,1.0
B0CL3GQ5VP,Femdisc Disque menstruel Femdisc Disque menstruel Coupe menstruelle Merula Cup réutilisable Disque périodique coloré Alternative aux tampons souples et OB (cordon de serrage),,GJGJZD,,15.99,1.0
B079QJFFTQ,Me Luna Coupe Menstruelle Classic Anneau Vert Taille L,4.1,LUNA,183.0,16.08,1.0
B08Z7PVGJ2,Liberty Cup Culotte Menstruelle Couleur Noir Bio - XS,,Cup,,16.42,
B09MSB2FRH,"MY FIRST CUP Coupe menstruelle (TAILLE S, LILA)",4.1,CUP,14.0,12.99,1.0
B0CKYSKDX7,"IXYHKB Coupe Menstruelle, Lot de 2 Coupes Menstruelles Femdisc, Disque Menstruel, Coupe Menstruelle Souple, Coupe Menstruellecoupe Menstruelle pour Saignements Normaux Ou Abondants (Petit + Grand)",,IXYHKB,,11.99,1.0
B0CNRVN9GR,2 Lot De Disques Cup Coupe Menstruelle (Petit Et Grand) Lovense Cup Menstruelle Eponge RéUtilisable Tampon En Silicone FéMinin Sans Fuites De L'Environnement,,LOKBY,,9.99,1.0
B079Q5NLR1,"Me Luna Coupe menstruelle Classic, manche, bleu, Taille S",4.5,LUNA,17.0,19.5,1.0
B0B6DQ3P2X,La Coupe Menstruelle Souple pour Débutantes,3.6,Aomiduo,11.0,13.99,3.0
B079Q8ZWC9,"Me Luna Coupe menstruelle Classic, bague, transparent, taille XL",4.0,LUNA,33.0,11.98,1.0
B07VP5D937,"Coupe Menstruelle Sileu Cup Classic - Hygiénique, économique, écologique, végétalien - sac en coton comme cadeau - Parfait pour commencer - Sans fuite - Taille L, Rouge",4.3,Sileu,128.0,16.54,1.0
B0CNXCWKCR,L'Ensemble Est Disponible En Deux Tailles Cup Menstruelle Coupe Menstruelle Disque Menstruel En Silicone Disque Menstruel Silicone Disques Menstruels RéUtilisables,,LOKBY,,14.59,1.0
B0BHTFJ6VX,"‎CTDMJ 2 Coupes disque menstruel (S et L) coupe plate, réutilisable, silicone de qualité médicale, Hygiène et soins féminins, Coupe Menstruelle, tampons, alternatives aux tampons",3.5,CTDMJ,2.0,9.99,50.0
B0CL56VDZV,"FENYW Disque menstruel Femdisc, disque menstruel réutilisable en silicone médical, disques menstruels femdisc cup menstruelle tampons souples alternatifs et OB (rouge L + noir S)",,FENYW,,8.99,1.0
B079QGT2Z3,"Me Luna Coupe menstruelle Classic, boule, transparent, taille L",4.9,LUNA,10.0,13.16,1.0
B079QFXG19,"Me Luna Coupe menstruelle Classic, boule, rouge, Taille Shorty L",4.3,LUNA,36.0,11.96,1.0
B0CL56DM4L,"FENYW Disque menstruel Femdisc, disque menstruel étanche, disque menstruel en silicone médical, femdisc cup menstruelle tampons souples alternatifs et OB (violet L + noir S)",4.0,FENYW,1.0,8.99,1.0
B0713WD6BK,Queen Cup® Coupe menstruelle avec sac en coton respirant – Neuf,4.3,QUEENCUP,147.0,14.9,1.0
B0CGM31QT8,"Cup Menstruelle, CJBIN Disque Menstruel Réutilisable, Coupe Menstruelle Souple En Silicone, Disque Menstruel Étanche, Cup Menstruelle Sans Bpa, Alternatives Aux Tampons",,CJBIN,,11.99,1.0
B09MTFMH32,MY FIRST CUP COUPE AVEC HUELLA Coupe menstruelle (taille S),5.0,CUP,2.0,12.99,1.0
B0CMX83WXS,"Nizirioo 2 Pièces Coupe Menstruelle, Disque Menstruel, Coupe Menstruelle Souple, Ensemble De Coupe Menstruellecoupe Menstruelle Pour Les Soins Féminins Lavable Et Réutilisable (S/L)",,Nizirioo,,10.99,1.0
B09DS438VR,"LUMMA® | Coupes menstruelles flexibles en silicone de qualité médicale Coupe menstruelle réutilisable │ Soins féminins │ Sans fuite │ Confortables et très douces (M, Pink Love)",3.7,Lumma,65.0,9.99,1.0
B08LFN7SB4,"ELANEE Coupe menstruelle taille 1, retrait facile grâce à la tirette discrète, capacité de 23 ml (740-00)",3.5,Elanee,72.0,14.4,
B079Q934P2,Me Luna Coupe Menstruelle Soft Anneau Rose Taille Shorty S,4.3,LUNA,38.0,11.14,1.0
B0CLVBQSP7,"Lot de 2 disques menstruels en silicone Femdisc : ensemble de 2 tailles (S et L), coupe menstruelle, disque menstruel réutilisable, disque menstruel avec boîte en silicone, doux et confortable (noir)",,Leikurvo,,11.99,2.0
B09MSL6TVC,Culotte menstruelle Dentelle - taille  M (38/40) - Feel Natural,1.0,Natural,1.0,13.99,1.0
B09K5BFTS9,Coupe Menstruelle Taille S,,Campana,,9.99,1.0
B0CM5FYYQK,"Hojalis Coupe Menstruelle, 2 Pièces Cup Menstruelle, Petit et Grand, Silicone de Qualité Médicale, Sans Fuite, Réutilisable et Lavable",,Hojalis,,7.99,1.0
B0CBFZMSD3,"Coupe menstruelle douce, design premium super doux et flexible, coupe menstruelle réutilisable en silicone, à porter pendant 12 heures, petit violet",,nijosa,,12.24,
B08LMLDHK5,Saalt Coupe menstruelle pour adolescents - Meilleure tasse réutilisable sensible - À porter pendant 12 heures - Alternative au tampon et au tampon (vert aquatique),4.5,saalt,430.0,28.81,1.0
B0CBFXVQZM,"Coupe menstruelle douce, design super doux et flexible, coupe menstruelle réutilisable en silicone, à porter pendant 12 heures, alternative aux tampons et serviettes hygiéniques, blanc petit",,nijosa,,12.23,
B079Q5LPDC,"Me Luna Coupe menstruelle Classic, boule, transparent, taille Shorty L",4.5,LUNA,14.0,11.2,1.0
B07YBFRM6D,Liberty Cup Box de Stérilisation,,Cup,,15.3,1.0
B0CBFYPLQY,"Coupe menstruelle douce, design super doux et flexible, coupe menstruelle réutilisable en silicone, à porter pendant 12 heures, petite rose",,nijosa,,10.32,
B09TDM8GDR,Sunydog Coupe menstruelle pour femme Gel de silice médical Matériau de qualité alimentaire La coupe menstruelle peut être recyclée Hygiène féminine Coupe menstruelle Plusieurs spécifications en option,,Sunydog,,3.49,
B08Z62C1WQ,"Pure Ella Coupe Menstruelle – Silicone souple réutilisable, de qualité médicale et sans BPA – À porter pendant 12 heures – Respectueux de l'environnement et hypoallergénique – Tailles XS, S, L",4.2,Ella,48.0,19.99,1.0
B079QDZ2LH,"Me Luna Coupe menstruelle Classic, boule, transparent, taille S",4.6,LUNA,8.0,13.35,1.0
B09WR3KVWM,Disques menstruels réutilisables en silicone médical souple et flexible (petit),3.3,Fypxd,9.0,10.64,1.0
B07CG9QM37,"RAINBOWCUP Coupe menstruelle fabriquée en Italie en silicone médical Choisissez la tonicité, la taille et la couleur Smerledo Semitonique, taille 1",,Rainbowcup,,9.82,1.0
B072L6J47G,Coupe menstruelle Queen Cup 100 % silicone médical | Certificat allemand | Périodes Tasse avec pochette + instructions Taille S,4.2,QUEENCUP,157.0,14.9,1.0
B0B3F7YZYJ,Naturcup Advance Coupe menstruelle Taille 1 (enfants de moins de 30 ans sans accouchements vaginaux),4.0,NaturCup,2.0,32.6,1.0
B099P716VY,Ecoblossom Menstrual Original Lot de 2 disques menstruels réutilisables (petit et grand),3.9,EcoBlossom,1780.0,35.99,1.0
B0112SHTKC,"Ruby Cup - Coupe menstruelle réutilisable (Flux abondant, col de l’utérus haut, MOYENNE) TRANSPARENTE - Un produit acheté-Un produit donné. Pratique, alternative fiable aux tampons /serviettes hygiénique",4.6,Cup,211.0,28.95,1.0
B093BR1KKJ,Bonnet menstruel taille S.,4.5,B,2.0,15.15,1.0
B0CL7QR28J,Cup menstruelle taille L - Femintimate,,Générique,,19.9,1.0
B0CB3T537X,Livella Coupe menstruelle transparente (taille L) | pour une hygiène menstruelle confortable | Gobelet menstruel comme alternative durable aux tampons et serviettes,,Livella,,12.07,1.0
B0BH9FJLJX,"Mascoto® Coupe menstruelle ultra confortable avec anneau, fabriquée en silicone de qualité médicale, sans BPA, réutilisable, alternative au tampon et au tampon (S)",4.5,Mascoto,5.0,27.94,1.0
B0CLS2XWK1,Femdisc Lot de 2 coupes menstruelles avec deux tailles de coupe menstruelle anti-fuite en silicone Femdisc pour courants légers ou forts Anti-fuite,,Acboor,,9.99,1.0
B07CG9PCZ2,"Rainbow Cup, coupe menstruelle en silicone médical sans latex et additifs, pratique, écologique, sûr, disponible en plusieurs variantes - Coupe menstruelle douce, couleur turquoise, taille 2",,Rainbowcup,,13.17,1.0
B0BWK8HGCR,IINTI-MACY Parent,4.2,IINTI-MACY,253.0,39.99,
B079QDVF8R,"Me Luna Coupe menstruelle Classic, boule, rouge, Taille S",5.0,LUNA,4.0,21.4,1.0
B0C4JL7HPP,Evelina Coupe menstruelle Small & Medium Belladot,,BELLADOT,,19.95,1.0
B0CL7S3HWJ,Cup menstruelle taille S - Femintimate,,Générique,,19.9,1.0
B079Q315PN,"Me Luna Coupe menstruelle Classic, boule, vert, Taille M",4.1,LUNA,27.0,20.87,1.0
B07PBNFTW6,Coupe menstruelle Taille M - Taille 2 - Flux Normaux avec Sac en Coton Bio de chez Anaé Fabriquée en France,,Anae,,20.59,1.0
B0B3FCRQWJ,Naturcup Advance Coupe menstruelle Taille 2 (âgés de plus de 30 ans et/ou avec accouchement vaginal),5.0,NaturCup,2.0,29.55,1.0
B0737BDJKV,Mami-Protectors - Gants de doigt pour coupe menstruelle Mamicup,3.5,MAMICUP,17.0,4.5,12.0
B0C9QT2QX6,Omnitex Lot de 2 coupes menstruelles pour le cancer du sein | 100 % silicone pur de qualité médicale | Alternative sûre et respectueuse de l'environnement | Non toxique testée ISO10993 | Sans BPA et,4.5,Omnitex,27.0,17.39,2.0
B002WN6DBI,"Mooncup® La Cup Originale en Silicone -Taille B, Coupe Menstruelle Réutilisable en Silicone souple pour les moins de 30 ans qui n'ont pas accouché par voie vaginale.",4.2,Mooncup,1301.0,,1.0
B01LX7X4SN,"Lybera Kit désinfectant pour coupe menstruelle, fabriqué en Italie",4.1,Lybera,33.0,17.28,1.0
B071ZPV7QZ,"Merula Cup ice (transparent) ""taille unique"" - Coupe menstruelle en silicone à usage médical",4.1,Merula,174.0,36.87,1.0
B0CBG1MX61,"Coupe menstruelle douce, design premium super doux et flexible, coupe menstruelle réutilisable en silicone, coupe menstruelle à porter pendant 12 heures, grand blanc",,nijosa,,9.04,1.0
B0BXLX8ZDL,Asan Coupe menstruelle – Coupe la plus facile à insérer et à enlever I Design spécial anneau | Silicone de qualité médicale de qualité supérieure conçu aux États-Unis (débit léger/moyen),5.0,Asan,14.0,28.96,1.0
B00B6RTB7O,Irisana Iriscup Coupe menstruelle L transparent,4.4,Irisana,188.0,21.0,1.0
B0CL7RYQGT,Cup menstruelle taille M - Femintimate,,Générique,,19.9,1.0
B083F5X1GG,"Kit Mamicup® Cuope Menstruelle M+L Turquoise en Silicone de Qualité Médicale Certifié par la FDA, Meilleure Alternative aux Tampon",4.3,MAMICUP,105.0,19.9,2.0
B07C87JS56,"Coupe menstruelle Rainbow Cup en silicone médical sans latex et additifs, pratique, écologique, sûr, disponible en plusieurs variantes - Coupe menstruelle souple, couleur émeraude, taille 1",,Rainbowcup,,10.94,1.0
B0CBFYMVYZ,"Coupe menstruelle douce, design super doux et flexible, coupe menstruelle réutilisable en silicone, à porter pendant 12 heures, alternative aux tampons et serviettes hygiéniques, blanc large",,nijosa,,17.14,
B0CLR6BC7S,"PLLYPE Femdisc - Disque menstruel - Coupe menstruelle réutilisable, anti-fuite, en silicone avec 2 tailles, coupe menstruelle sans BPA (violet L et violet S)",,PLLYPE,,12.99,1.0
B0CN9P1L49,Tasse menstruelle réutilisable en silicone souple facile à nettoyer tampon et tampon alternatif,,OFGAOO,,25.32,2.0
B074P5PQ7M,OrganiWipes by OrganiCup - Lingettes pour coupe menstruelle biologique 10 pièces - Sans parfum - Vegan - Emballées individuellement - Coton biologique - Biodégradable - Non disponible en Californie,4.5,OrganiCup,221.0,,
B07V5HGD7P,AvaLoona coupes menstruelles pour les débutants avec fairtrade sac en coton bio (Grande + petit),4.2,AvaLoona,106.0,18.9,1.0
B0CL3VMWJR,FENYW Femdisc - Coupe menstruelle réutilisable - Coupe menstruelle réutilisable - Sans BPA - Alternative aux tampons (rouge L + violet S),,FENYW,,12.99,1.0
B0C7VVW7SM,"Mascoto® Disque menstruel Blue Generation avec boucle, coupe plate, silicone de qualité médicale, réutilisable, pétale fin et ultra confortable, alternative au tampon et tampon (lot de petite et",3.5,Mascoto,11.0,39.99,1.0
B079DSBBRW,"Coupe Menstruelle AvaLoona - Pack de 2 (petite, pourpre/lilas)",4.2,AvaLoona,255.0,24.34,1.0
B09W8LWC46,Lot de lingettes menstruelles réutilisables et imperméables en charbon de bambou - Débit régulier - Débit lourd (écoulement régulier),4.1,BOMAIS,189.0,12.99,7.0
B0BD511V5Y,BSSTORE Coupe Menstruelle En Silicone De Qualité Médicale Réutilisable Non Irritant Taille S (Violet),,BSSTORE,,9.95,1.0
B0756DL8W9,Nana Dailies Style Protège-Lingerie Multistyle - Protège-Slip Fin et Ultra-Absorbant pour Tous Types de Lingerie - 30 en Pochette Individuelle,4.4,Nana,803.0,1.73,1.0
B08BX8TTVS,"Nana Dailies Fraîcheur & Protection - Protège-slips ultra absorbant, standard, 34 pièces",4.4,Nana,212.0,1.89,34.0
B07YQDXWG1,"Vania Kotydia Protège-Slips, Confort, Normal, Parfum Fresh, 28 Unités",4.6,Vania,1121.0,1.86,28.0
B08DDTTMZY,Nana Dailies Style Protège-Lingerie Voile Si Discret - Protège-Slip Ultra Fin et Respirant pour Tous Types de Lingerie - 32 Protège-Slips en Pochette Individuelle,4.2,Nana,203.0,1.57,32.0
B07YQFYH3V,"Vania Kotydia Protège-Slips, Protect, Large, Aloe Vera, 36 Protège-Slips",4.5,Vania,760.0,3.33,36.0
B07XZ6H3JR,Monoprix Serviettes pour fuites urinaires maxi - Le paquet de 16,3.8,Monoprix,13.0,7.19,
B082VVKQX5,Love & Green Protège-slips Large x 28,4.1,Green,500.0,2.79,28.0
B07DX81XN7,Vania Protège-slips Flexiform parfumé - Le paquet de 28,5.0,Vania,4.0,2.95,
B09KWSZK4Y,Nana Dailies extra protection Protège-Lingerie - 30 % plus Absorbant* pour Tous Types de Pertes - Sensation de Fraîcheur - 20 Protège-Slips Extra-Longs,4.4,Nana,153.0,1.99,20.0
B0BRQRKW5K,"Always Dailies Protect Protège-Slips Long 26 Unités, 0% de parfum, Confortable Avec Cœur Absorbant",4.5,Always,24.0,1.99,26.0
B07DX7PWBN,Monoprix Protège-lingerie plat enrichi à l'aloe vera - La boîte de 60,4.2,Monoprix,25.0,3.09,
B0B11GZFXD,Monoprix Protège-lingerie écologiques Normal - La boîte de 30,,Monoprix,,2.99,
B07WJJCN8T,"Always Dailies Cotton Protection Protège-Slips Normal 28 Protège-slips, Voile Supérieur 100 % Coton Bio",4.5,Always,668.0,3.12,28.0
B07DXGFW54,Monoprix Protège-lingerie plié enrichi à l'aloe vera - La boîte de 30,3.9,Monoprix,7.0,2.19,
B07DX4L5KF,Monoprix Protège-lingerie large - La boîte de 28,4.4,Monoprix,15.0,1.69,
B07DX94RVK,Monoprix Protège-lingerie multi-forme - La boîte de 30,3.8,Monoprix,23.0,1.49,
B0BS72FRX7,"Always Daily Protect Protège-Slips Extra Long 24 Unités, Technologie Odour Block, Confortable Avec Cœur Absorbant",4.1,Always,16.0,1.98,24.0
B08FN42SS8,"Nana PureSensitive Extra Long Protège-Lingerie - Protège-Slip et Absorbant pour Peaux Sensibles - 0 % Allergène*, Parfum, Colorant - 20",4.4,Nana,172.0,2.17,20.0
B0BS73GH5D,"Always Daily Fresh Protège-Slips Normal 10x30 Unités, Avec un parfum frais, Pour ne sentir rien d’autre que fraîcheur et protection",4.7,Always,35.0,22.0,300.0
B0BS735M1G,"Always Daily Protect, Extra Long, 192 Protège-Slips pour Femme, Retient les odeurs, Confortable avec cœur Absorbant, Format Eco",4.3,Always,46.0,19.92,192.0
B0BS72JJK7,"Always Daily Protect, Long, 192 Protège-Slips pour Femme, Avec un Parfum frais, Confortable avec cœur Absorbant, Format Eco",4.5,Always,122.0,17.6,192.0
B0BNQZMV4Y,Vania voile 100% Coton bio Protection Long x24,4.4,Vania,30.0,3.15,24.0
B06XNQ2R5T,"Always Discreet, 96 Protège-Slips Incontinence Femme, Long Plus, Protection Intégrale pour Fuites Urinaires Très Légères, Pack 1 Mois",4.6,Always,426.0,10.8,96.0
B0BRQTPTK5,"Always Daily Extra Protect Expert, Normal, 240 Protège-slips, Retient les odeurs au Quotidien, Convient aussi pour les premiers signes de Fuites Urinaires, Format Eco",4.4,Always,200.0,20.87,240.0
B0BRQSTXTD,"Always Daily Fresh Protège-Slips Normal 30 Unités, 0% de parfum, Pour ne sentir rien d’autre que fraîcheur et protection",4.5,Always,2.0,2.75,30.0
B097B1ZWRX,Always Dailies Lot de 74 protège-slips,4.5,Always,169.0,11.41,74.0
B08ZMSXLPN,"ECO by Naty Protège-Slips Ecologiques Normal - Protège-lingeries pour un usage quotidien, discrets en coton organique pour garder votre fraîcheur (32 unités)",3.9,Naty,491.0,3.49,32.0
B07XYGBR28,Vania Protège-Slips Confort Multiformes Non Parfumé,5.0,Vania,4.0,9.58,1.0
B0144M5L4E,"Always - Discreet Protège-Slips Fuites Urinaires, Normal 28 Pièces",4.5,Always,68.0,3.59,28.0
B06XYDRJDN,TENA Lights Protège-Slips Discret Incontinence Femme - pour Peaux Sensibles - Protections Absorbantes pour Fuites Urinaires Légères - 140 Protège-Slips (Pack 1 Mois),4.4,TENA,1403.0,14.87,140.0
B06XYHT94X,TENA Lights Protège-slips Longs Incontinence Femme - Pour Peaux Sensibles - Protections Absorbantes pour Fuites Urinaires Légères - 120 Protège-slips (Pack 1 mois),4.7,TENA,2164.0,16.14,120.0
B09HTT2TYC,"Organyc - Protège-slips pour fuites urinaires (incontinence urinaire légère) en coton certifié, ne contiennent ni parfums ni plastique ni matériaux chimiques - 1 paquet de 24 Serviettes, ultra minces",3.5,Organyc,35.0,,24.0
B08GCYDBSJ,Love & Green Protège-slipsFuites urinaires/ Incontinence légèrex 28,4.4,Green,47.0,3.95,28.0
B0BRQRG69J,"Always Dailies Protect Protège-Slips Long, 0% de parfum, Confortable Avec Cœur Absorbant - 8x26 (208 Unités)",4.1,Always,2.0,16.68,208.0
B00DBWRRUA,"Organyc, Protège-slips 100% coton bio certifié - 4 boîtes de 24 (Total: 96 unités)",4.1,Organyc,1714.0,,96.0
B09WN1GDD2,"Carefree Plus Long Protège-slips avec noyau amélioré ultime, sans parfum, absorption quatre, taille L, extra long, lot de 40",4.3,Carefree,14.0,6.58,40.0
B00QTJ23IS,"Always Discreet, 112 Protège-Slips Incontinence Femme, Normal, Protection Intégrale pour Fuites Urinaires Très Légères, Pack 1 Mois",4.4,Always,535.0,12.6,112.0
B07G9KLJKC,Jessa Protège-slips Normal Noir + Flexibles 1 x 28,3.8,Jessa,9.0,8.74,28.0
B0BS73RHWX,"Always Daily, Normal To Go, 320 Protège-Slips en Pochettes Individuelles, Sans Parfum et Sans Colorant, Pour ne sentir rien d’autre que fraîcheur et protection, Format Eco",3.5,Always,6.0,23.3,320.0
B07HK894F8,4x Bodyform Noir Protège-Slip Normale 28 Par Paquet,4.6,Bodyform,433.0,20.22,112.0
B0BS72CCY3,"Always Daily Protect Protège-Slips Long 24 Unités, Avec un parfum frais, Confortable Avec Cœur Absorbant",5.0,Always,1.0,3.7,24.0
B07FDG7TLK,PEESAFE Protège-slips infusés à l'Aloe-Vera pour femmes - Lot de 50 - Protège-slips d'une longueur de 185 mm - Très confortable - Vous garde au sec et au frais toute la journée.,4.2,PEESAFE,9310.0,13.99,50.0
B07TM4CG62,Carefree Lot de 5 paquets de protège-slips en coton aloe = 280 protège-slips,4.7,Carefree,9.0,15.13,280.0
B0BNQLW3X9,Vania | Protège-slips Confort Voile 100% Coton Bio Normal (boîte de 30) – Protège-lingeries sans parfum et sans colorant – Protection hygiénique respirante pour une sensation naturelle,3.5,Vania,3.0,3.69,30.0
B0CLB1BV4Z,Love & Green Protège-slips Large x 28 (Lot de 2),5.0,Green,1.0,5.58,56.0
B09W8VQ7QP,Lot de lingettes menstruelles réutilisables et imperméables en charbon de bambou - Débit régulier - Débit lourd (protège-slips),4.1,BOMAIS,189.0,9.99,7.0
B07BPN9MM9,Lot de 7 (S) Protege Slip Lavable Bio Coton Reutilisable FABRIQUÉE EN UE; Serviette Hygiéniqu/e Lavable sans PUL; Protege Slip pour pertes blanches NE CONVIENT PAS pour les Règles,4.4,Natissy,4174.0,43.97,7.0
B07C98ZXY3,Protège-slip Always dailies - Flexistyle Slim,4.5,Always,1404.0,16.99,1.0
B08KFF4MSX,TENA Silhouette Noir Normal Lot de 10 x 26 protège-slips,4.6,TENA,23.0,63.0,260.0
B097JTKJMB,"Always Cotton Protection, Pack Duo, Taille 1, Normal, 44 Serviettes Hygiéniques Avec Ailettes et 52 Protège-Slips, Flux Légers Jour, Format Eco, Voile 100% Coton Bio, Sans Parfum, Emballage papier",4.7,Always,381.0,14.5,96.0
B01N7V8H3Y,"Always Dailies Extra Long Protect Plus Protège-Slips, 44 Unités",4.5,Always,1343.0,63.14,44.0
B0C9V3KB6R,"ALWAYS Dailies Extra Protect, 28 Protège-Slips Coton Bio Normal, pour une fraîcheur et une protection inégalées - Hygiène Intime et Incontinence. - Le Lot De 3",,Générique,,37.99,3.0
B0CM6FZDMM,"The Female Company 30x Protège-Slips en Coton Bio | Panty Liners en Coton Bio 100% Certifié | Hypoallergéniques, sans Pesticides, Parfum | Produits en Allemagne",,Company,,5.5,30.0
B07DX95FCL,"Vania Pocket Protège-Slips, 30 unités",3.9,Vania,338.0,3.49,
B09NTPXH26,Always Dailies Singles Normal to Go Fresh Boîte de 20 protège-slips parfumés - Lot de 6,4.6,Always,454.0,26.78,120.0
B09WN186LK,Carefree Lot de 48 protège-slips super absorbants et parfumés Taille L,4.6,Carefree,185.0,5.23,48.0
B0BRQHRMCT,Protege Slip Lavable Coton Bio avec Impression Non-Glissante; Lot de 7 M Protège Slip Reutilisable pour Pertes Blanches; Protege Slip Coton Lavable; Protege Slip Bio Lavable pour Quotidien sans Souci,3.9,Natissy,75.0,37.97,7.0
B0B87P8967,"Enna Protect. Protège-slip x 5 unités. Écologique, Réutilisable, Lavable. En cotton bio et bambou. Avec la technologie antimicrobienne SaniDX. Aucune allergie, irritation ou infections",4.1,enna,8.0,22.78,5.0
B08XP2QKK2,VANIA - Kotydia 40 Protège-Slips Protect Long Fresh - Lot De 4 - Vendu Par Lot,5.0,Beauté,1.0,34.89,4.0
B08LM4H7CP,Saugella Saugella Cotton Touch Lot de 160 protège-slips extérieurs à action anti-odeurs autocollants en coton hypoallergénique 80 g,4.7,Saugella,323.0,39.95,1.0
B07BHM7B54,Proteges-slips Quotidiens Lavables X10 Eco Belle Les Tendances D'Emma,4.1,d'Emma,4.0,69.9,10.0
B093KLZWBB,Bodyform Micro Liners Dailies Style Lot de 22 protège-slips discrets pour femme,4.0,Several,2.0,16.99,88.0
B07VXHXFNL,"Vania Kotydia Protège-Slips, Confort Multiformes, Normal, Sans Parfum, 56 Unités",4.7,Vania,638.0,,56.0
B07QBCGYXQ,"Nana PureSensitive Régulier Protège-Lingerie - Protège-Slip Long et Absorbant pour Peaux Sensibles - 0 % Allergène*, Parfum, Colorant - 30 Protège-Slips - lot de 4 (120 Protège-Slip)",4.6,Nana,126.0,,120.0
B083SL43LW,Serviette hygiéniques lavables avec pochette discrète | Mix Set | Kit zero dechet et écologique réutilisable | Protege slip lavable pour femmes | Period panties avec ailettes | Bambaw,4.2,Bambaw,1227.0,25.78,6.0
B0BBDHC2MD,"Bamboolik Protège-slips lavables | Satin et coton biologique, tissu fin | réutilisable | Fabriqué en UE | Protège-slips en tissu avec bouton pression Lot de 4 boîtes cadeau – Rouge, jaune, bleu foncé,",4.8,bamboolik,7.0,33.25,4.0
B07NCRTG3L,Nana - Protège-Lingerie Extra Long Fraîcheur Quotidienne - 24 Protèges - Lot De 4 - Vendu Par Lot - Livraison Gratuite En France,4.7,Beauté,7.0,34.99,24.0
B01N7ORCBR,Lot de 4 paquets de 52 protège-slips Always Dailies Fresh & Protect Normal,4.7,Always,852.0,,208.0
B097B1NFH5,"Always - Dailies Protège-Slips, Normal - 56 Pièces",4.7,Always,1614.0,15.99,56.0
B08XP299MK,VANIA - Kotydia 56 Protège-Slips Confort Normal Fresh - le Lot De 4,,Beauté,,40.3,4.0
B0BP2L9WM1,"Bamboolik |Serviettes hygiéniques lavables | Satin et coton bio | Fermeture Velcro | Lot de 5 - 2 x bleu clair, 2 x rose, 1 x jaune + XS Wetbag rose | réutilisable| Fabriqué en UE | Protège-slips en",,bamboolik,,60.19,1.0
B002WDPMJC,Tena Confioair Comfort Maxi Protège Slip Pack de 28,4.4,TENA,423.0,35.99,28.0
B08VHRYZ9R,VANIA - Kotydia 56 Protège-Slips Confort Normal Fresh - Lot De 4,,Beauté,,47.5,4.0
B08XP1MJ6N,ALWAYS - Dailies Extra Protect 28 Protège-Slips Coton Bio Normal - le Lot De 3,,Beauté,,37.99,3.0
B01LW2OYC1,Vania Protège-slips Confort+ Fresh parfumé normal - Le paquet de 28,4.4,Vania,80.0,2.95,
B0BP2GM87T,"Bamboolik |Protège-slips lavables | Satin et coton bio | Fermeture Velcro | Lot de 5 – 2 x bleu foncé, 2 x rouge, 1 x jaune + mini Wetbag noir | Réutilisables | Fabriqué en UE | Protège-slips en tissu",,bamboolik,,47.56,1.0
B0BP2RZNS4,"Bamboolik |Protège-slips lavables | Satin et coton biologique | Lot de 5 – 2 x bleu foncé, 2 x rouge, 1 x jaune + mini Wetbag noir | réutilisables | Fabriqué en UE | Protège-slips en tissu |",,bamboolik,,47.56,1.0
B0BNYN4JL6,ALWAYS - Dailies Extra Protect 28 Protège-Slips Coton Bio Normal - Lot De 3 - Vendu Par Lot,,Générique,,37.99,3.0
B0BP2KVG6Y,"Bamboolik |Protège-slips lavables | Satin et coton bio | Fermeture Velcro | Lot de 5 – 2 x bleu clair, 2 x rose, 1 x jaune + mini Wetbag noir | Réutilisables | Fabriqué en UE | Protège-slips en tissu",,bamboolik,,47.56,1.0
B01KVKC1C8,Vania Pocket 30 Protège-Slips Plie,3.9,Vania,338.0,,30.0
B0BP2G3PT4,"Bamboolik |Protège-slips lavables | Satin et coton bio | Bouton pression | Lot de 5 - 2 x bleu clair, 2 x rose, 1 x jaune + mini Wetbag noir | Réutilisables | Fabriqué en UE | Protège-slips en tissu |",,bamboolik,,47.56,1.0
B07QMP3H4M,NANA - Protege Lingerie Extra Long 24 Protèges - Lot De 4 - Livraison Gratuite,,Nana,,34.99,4.0
B0CFT5754Q,ALWAYS - Dailies Extra Protect - Protège-Slips en Coton Bio - Niveau de Protection Normal - 28 Unités - Lot De 3,,Générique,,37.99,28.0
B075LMJBWV,"Always Dailies Protège-Slips, Idéaux pour Pertes Blanches, Normal To Go, 20 Pochettes Individuelles, Flexibles et Confortables, Sensation de Fraicheur, Pratique et Hygiénique",4.6,P&G,72.0,3.4,80.0
B07FGGF77H,Nana - Protge Slip Plis - 32 Pices,4.5,Nana,28.0,,32.0
B0BP2JMPRN,Bamboolik Lot de 5 protège-slips lavables en éponge de coton bio avec boutons-pression Noir + mini sac humide Noir | réutilisable | Fabriqué en UE | Protège-slips en tissu pertes | Serviettes en tissu,3.7,bamboolik,4.0,34.17,1.0
B08VHNWP26,ALWAYS - Dailies Extra Protect 28 Protège-Slips Coton Bio Normal - Lot De 3,,Beauté,,37.99,3.0
B01IDA4FOU,Vania Kotydia Protege-slips Confort + Normal Aloe Vera x 28 - Lot de 4,4.4,Vania,80.0,27.46,112.0
B01IDA4MFM,Vania Kotydia Protege-slips Flexi + Flexiform x 56 - Lot de 3,4.4,Vania,80.0,,168.0
B0BP2HZLJ9,,,,,,
B01N30WTQ1,"Naturalena Brands UK Limited, Veeda Lot de 120 doublures quotidiennes ultra fines en coton naturel respirant",4.2,Veeda,1335.0,19.99,120.0
B07NC9C2XK,VANIA - Kotydia Protège Slips Large Aloe 36 Protèges - Lot De 3,,Beauté,,33.99,3.0
B0CCVR5KWD,,,,,,
B08Z2YH7GG,,,,,,
B06XYG8NVQ,"Protèges-slips Always Dailies Normal Singles emballés individuellement, lot de 6",4.9,Always,86.0,15.58,20.0
B0812C3V79,,,,,,
B0CLB1C61J,,,,,,
B0CBMK1HVN,,,,,,
B0BP2K5FN5,,,,,,
B00POBIWAA,,,,,,
B08XKLPQDT,VANIA - Kotydia Protège Slip Confort Normal Aloe Vera 28 Protèges - Lot De 4 - livraison offerte,5.0,Beauté,1.0,28.77,4.0
B07TQMQN2P,,,,,,
B07Y53L5NM,"Protège-slips bio Vuokkoset bio et organiques, protège-slips de taille normale, biodégradables et en coton organique - 3x26 pièces",4.2,Delipap,57.0,25.99,78.0
B0BJ1423G9,Lilind® 7x Thong Protège-slips Serviettes Hygiéniques Décontractées Ultra-fins Réutilisables et Lavables 100% coton Fleurs Rouges,5.0,Lilind,1.0,19.9,7.0
B08KWP7T9K,,,,,,
B07Q1C27K2,"Lot de 2 protège-slips en coton, 40 pièces par paquet, pur coton hydrophile",5.0,Saugella,8.0,8.25,80.0
B0B9SCTQ64,CAREFREE Plus Long Lot de 5 packs de 40 protège-slips parfumés super absorbants pour contenir instantanément les liquides Taille Plus Long,4.4,Carefree,152.0,18.68,200.0
B07XM84QGQ,Vania Protège-Slips Finesse Normal Fresh 40 Pièces,3.1,Vania,7.0,15.05,40.0
B09NSZBRRP,Always Dailies Fresh & Protect Lot de 2 protège-slips normaux 60 par paquet,4.7,Always,114.0,,120.0
B009HL68DG,,,,,,
B0BRQVDXB3,,,,,,
B09DTRB4CB,,,,,,
B00GEUIP34,,,,,,
B09NMYTNH8,VANIA - Kotydia 28 Protege Slips Flexiform Fresh - Lot De 4,3.0,Beauté,1.0,25.44,4.0
B00QNPEWZA,,,,,,
B08KWR5R95,,,,,,
B00F2GZSUY,Lot de 4 x Natracare protège-slips Normal enroulée – 18 ct,4.3,Natracare,5.0,16.0,
B09WN36G4G,,,,,,
B0B463RK77,,,,,,
B07Q46DSW5,,,,,,
B09M7FH2FG,,,,,,
B07WYYXGL5,,,,,,
B07SVP6YPX,,,,,,
B00ZB1KAT4,,,,,,
B099KNHSLJ,,,,,,
B088WCR7GC,,,,,,
B0BSV7TVJR,,,,,,
B01FUURB2O,,,,,,
B09VMHGQFG,,,,,,
B097HRK2YW,,,,,,
B0BHZHG9KW,,,,,,
B07XJWLJGS,,,,,,
B07BPXDNDC,,,,,,
B00B3S2QHS,,,,,,
B08VHKB41Q,,,,,,
B086X2MBZF,,,,,,
B07258JQ9M,,,,,,
B097B1YJ1B,,,,,,
B009P5I3R8,,,,,,
B08Z12S5MZ,,,,,,
B0BZW9QJR2,,,,,,
B07X6GSCB7,,,,,,
B09F9WDS5P,,,,,,
B084DW23M5,,,,,,
B00E4L1JTW,,,,,,
B09F9Z1NFL,,,,,,
B074G1PNCV,,,,,,
B001NZHAZY,,,,,,
B07YTNQH9G,,,,,,
B07VVCCXHK,,,,,,
B0BY33VD9P,,,,,,
B00T4GNI1O,,,,,,
B07SB4NBKY,,,,,,
B00B0FS74U,,,,,,
B08YN59ZY3,,,,,,
B07Q758P4F,,,,,,
B09WN1PZ5W,"Carefree Cotton Feel Flexiform Lot de 56 protège-slips 100 % respirants avec sensation de fraîcheur longue durée, taille normale",4.5,Carefree,171.0,14.09,
B075DJJ96Q,,,,,,
B0841P256Q,,,,,,
B08DDTFJBV,,,,,,
B00SG3PHUQ,,,,,,
B0C8TRKS32,,,,,,
B073ZGL2NC,,,,,,
B091BVF2K2,,,,,,
B00E4KZQC4,,,,,,
B07YQFN9YT,,,,,,
B004DGFFA2,,,,,,
B08KWNCSFB,,,,,,
B0861KCCKX,,,,,,
B07VYVBVQS,,,,,,
B0013CFQVC,,,,,,
B084WWBCNG,,,,,,
B09WBF4NYJ,,,,,,
B093KG7WRG,,,,,,
B0BZWBSK6L,,,,,,
B003ART1KU,,,,,,
B098P53NDB,,,,,,
B0853C5FBZ,,,,,,
B01FV6OZEE,,,,,,
B07HLMSBHQ,,,,,,
B0BWJSPXH2,"4pcs Protège-slips en Tissu, Absorbant L'eau en Graphène Toujours Tampons Respirants Anti-fuites Lavables Réutilisables Serviettes Hygiéniques pour Femmes (S)",,ZJchao,,14.05,
B09WYHCCSM,,,,,,
B0BS3PJDKG,,,,,,
B07BPZYLBL,,,,,,
B0052ED72C,,,,,,
B09WN14DW1,,,,,,
B07NDYQZZ7,,,,,,
B01D0Y3FOA,,,,,,
B00XA48B86,,,,,,
B0C2MYVKBF,,,,,,
B095XD38J5,,,,,,
B07TSXV94W,,,,,,
B014DFTB84,,,,,,
B07QHP8DYV,,,,,,
B00RLHNA48,,,,,,
B00I83ZD2Q,,,,,,
B08L5SWSQM,,,,,,
B00VU2VQF0,,,,,,
B07KP9YQ7C,,,,,,
B074L5CZDP,,,,,,
B00OPX2RMW,,,,,,
B00XAEXV1I,,,,,,
B0CJMFDJH9,,,,,,
B00XA48EWO,,,,,,
B000W6KKLQ,,,,,,
B07GTG4MXL,,,,,,
B08FTHY5HJ,,,,,,
B00CSBLPBW,,,,,,
B087NQ6SLD,,,,,,
B09KHDQJWK,,,,,,
B00CP4FKVS,,,,,,
B08P3KP26X,,,,,,
B00J9FVKVK,,,,,,
B00BSXSQP4,,,,,,
B01IR2AISQ,,,,,,
B097B25TYH,,,,,,
B07JLTBBXL,,,,,,
B07D4ZSVN4,,,,,,
B07B8H5L5Y,,,,,,
B09MJ5PYQ5,,,,,,
B0853BWTSN,,,,,,
B0CMDKPXMD,,,,,,
B07CQ5HXP2,,,,,,
B00OPX95TK,,,,,,
B00TPLXHDW,,,,,,
B01NBOMKDJ,,,,,,
B0853BMG6S,,,,,,
B0865LR99T,,,,,,
B0BYSWRF39,,,,,,
B00ZM90XAG,,,,,,
B009HR53DG,,,,,,
B07FDHSYLD,,,,,,
B0CLRDX1D7,,,,,,
B00M75F8N0,,,,,,
B014MHYBL0,,,,,,
B07FCCFV15,,,,,,
B0C99KSRF4,,,,,,
B0BW8V2HSN,,,,,,
B06ZY7BR3V,,,,,,
B0BZWCB2PF,,,,,,
B0BZWCFX52,,,,,,
B0BV2ZQT53,,,,,,
B07HNFG5KW,,,,,,
B0BW8SW3SD,,,,,,
B07GX3Y86F,,,,,,
B09T2VZH75,,,,,,
B0BS6JDHBY,,,,,,
B08ZHFYP3T,,,,,,
B0C4FJMPCC,,,,,,
B00I98F68G,,,,,,
B0983N86LC,Myalma Protège-slips 100% coton bio,4.5,MyALMA,5.0,12.8,
B08VS5V5VT,,,,,,
B07QKBLQCS,,,,,,
B0CK8J4GFX,,,,,,
B09BTBF7RH,,,,,,
B08XP18QBB,,,,,,
B0CNLV6WYJ,,,,,,
B01IDA4Q1C,,,,,,
B0BGJ4LNSQ,,,,,,
B0BZYZTZD2,,,,,,
B000ZNAFC0,,,,,,
B07PF6KDQ4,,,,,,
B07BRTDFS2,,,,,,
B09761V1P1,,,,,,
B00CE5OT0Q,,,,,,
B08VHQRZGZ,,,,,,
B089PR8GSX,,,,,,
B0151I67UM,,,,,,
B085DWZ2LP,,,,,,
B01LNQ7YGC,,,,,,
B07QHYWYWK,,,,,,
B08MBDG1D3,,,,,,
B0BGM6TDTP,,,,,,
B0BDXLPKTH,,,,,,
B07C2XHMC1,,,,,,
B0CQYPXTX6,,,,,,
B09HR81X76,,,,,,
B09YM78JTZ,,,,,,
B0CBSPYM4L,,,,,,
B075FX12L3,,,,,,
B07YQFT84H,,,,,,
B09MSG7M4S,,,,,,
B09Q99LJ66,,,,,,
B09CNSRKRV,,,,,,
